{
  "project_info": {
    "project_number": "968809004167",
    "project_id": "hey-chef-4237a",
    "storage_bucket": "hey-chef-4237a.appspot.com"
  },
  "client": [
    {
      "client_info": {
        "mobilesdk_app_id": "1:968809004167:android:25044dd4a1e1095f15cc22",
        "android_client_info": {
          "package_name": "com.example.chef_test"
        }
      },
      "oauth_client": [
        {
          "client_id": "968809004167-qvviom3cj7crqoiqp82em277cucqjrg0.apps.googleusercontent.com",
          "client_type": 3
        }
      ],
      "api_key": [
        {
          "current_key": "AIzaSyB6bjwzDi32NgrvYT9SRxMQHPp4BOSkOwo"
        }
      ],
      "services": {
        "appinvite_service": {
          "other_platform_oauth_client": [
            {
              "client_id": "968809004167-qvviom3cj7crqoiqp82em277cucqjrg0.apps.googleusercontent.com",
              "client_type": 3
            }
          ]
        }
      }
    }
  ],
  "configuration_version": "1"
}